title1,final_genres
0,Drama
1,Thriller
1,Drama
1,Crime
2,Drama
2,Crime
3,Adventure
3,Drama
3,Comedy
4,Romance
4,Comedy
5,Action
5,Thriller
5,Crime
6,Action
6,History
6,Drama
6,Crime
7,Action
7,History
7,Drama
7,Crime
8,Drama
9,Action
9,Sport
9,Biography
9,Drama
10,Family
10,Drama
11,Drama
11,Comedy
12,Drama
12,Comedy
13,Comedy
13,Thriller
13,Musical
13,Mystery
13,Horror
14,Romance
14,Drama
15,Drama
15,Comedy
16,Action
16,Drama
16,Crime
17,Thriller
17,Crime
18,Romance
18,Drama
18,Musical
19,Romance
19,Drama
19,Comedy
20,Action
20,Drama
20,War
21,Action
21,Thriller
21,Crime
22,Action
22,Drama
22,War
23,Music
23,Drama
24,Drama
24,Crime
24,Comedy
25,Drama
26,Drama
27,Thriller
27,Action
27,Mystery
27,Crime
28,Drama
29,Biography
29,Drama
29,Crime
30,Thriller
30,Mystery
30,Drama
30,Crime
31,Romance
31,Drama
31,War
32,Thriller
32,Drama
32,Crime
33,Drama
34,Drama
35,Comedy
35,Thriller
35,Musical
35,Action
35,Crime
36,Comedy
36,Thriller
36,Musical
36,Action
36,Crime
37,Thriller
37,Action
37,Drama
37,Crime
38,Thriller
38,Action
38,Drama
38,Crime
39,Thriller
39,Action
39,Sport
39,Biography
39,Crime
40,Thriller
40,Crime
40,Comedy
41,Sport
41,Biography
41,Drama
42,Drama
42,Comedy
43,Comedy
43,Romance
43,Sport
43,Drama
44,Drama
45,Drama
45,Fantasy
45,Comedy
46,Drama
46,Comedy
47,Comedy
47,Adventure
47,Thriller
47,Musical
47,Action
47,Drama
48,Comedy
48,Thriller
48,Action
48,Drama
48,Crime
49,Comedy
49,Thriller
49,Action
49,Drama
49,Crime
50,Family
50,Sport
50,Drama
51,Romance
51,Drama
52,Romance
52,Drama
52,Comedy
53,Action
53,Thriller
53,Drama
54,Thriller
54,Mystery
54,Drama
54,Crime
55,Drama
55,Musical
55,Comedy
56,Family
56,Drama
56,Comedy
57,Drama
58,Thriller
58,Action
58,Romance
58,Drama
59,Romance
59,Drama
59,Comedy
60,Romance
60,Drama
60,Comedy
61,Family
61,Romance
61,Comedy
62,Action
62,Adventure
62,Drama
63,Action
63,Thriller
63,Drama
64,Thriller
64,Drama
65,Adventure
65,Musical
65,Sport
65,Drama
66,Thriller
66,Mystery
67,Drama
67,Fantasy
67,Comedy
68,Sport
68,Drama
69,Sport
69,Drama
70,Drama
70,Comedy
71,Thriller
71,Drama
71,Crime
72,Action
72,Thriller
72,Crime
73,Drama
74,Action
74,Drama
74,Crime
75,Action
75,History
75,Biography
75,Drama
76,Thriller
76,Action
76,Drama
76,Crime
77,Romance
77,Drama
77,Comedy
78,Comedy
78,Romance
78,Drama
78,Fantasy
79,Romance
79,Drama
79,Comedy
80,Romance
80,Drama
80,Musical
81,Thriller
81,Action
81,Drama
81,Crime
82,Thriller
82,Action
82,Drama
82,Crime
83,Thriller
83,Mystery
83,Drama
83,Crime
84,Family
84,Drama
84,Musical
85,Comedy
85,Musical
85,Romance
85,Drama
86,Thriller
86,Drama
86,Crime
87,Action
87,Drama
88,Romance
88,Musical
88,Comedy
89,Thriller
89,Action
89,Drama
89,Crime
90,Action
90,Thriller
90,Drama
91,Romance
91,Drama
91,Comedy
92,Thriller
92,Drama
92,Crime
93,Thriller
93,Drama
93,Crime
94,Action
94,Thriller
94,Musical
95,Thriller
95,Action
95,Drama
95,Crime
96,Action
96,Drama
97,Drama
97,Comedy
98,Action
98,Drama
98,Comedy
99,Drama
100,Adventure
100,Biography
100,Drama
101,Drama
101,Comedy
102,Drama
102,Comedy
103,Romance
103,Drama
103,Comedy
104,Drama
105,Thriller
105,Mystery
105,Drama
105,Crime
106,Biography
106,Drama
106,Comedy
107,Romance
107,Drama
107,Comedy
108,Drama
108,History
109,Drama
109,History
109,Crime
110,Romance
110,Drama
110,Musical
111,Action
111,Thriller
112,Drama
113,Drama
114,Music
114,Drama
115,Action
115,War
115,Romance
115,Drama
116,Action
116,Drama
117,Action
117,War
117,History
117,Drama
118,Action
118,Drama
119,Action
119,Thriller
119,Crime
120,Action
120,Drama
120,Crime
121,Thriller
121,Action
121,Drama
121,Crime
122,Thriller
122,Mystery
122,Drama
122,Crime
123,Family
123,Drama
123,Comedy
124,Drama
124,Fantasy
124,Comedy
125,Action
125,Romance
126,Action
126,Romance
127,Romance
127,Drama
128,Music
128,Drama
129,Family
129,Drama
129,Comedy
130,Action
130,Thriller
130,Crime
131,Action
131,Drama
131,Crime
132,Comedy
132,Musical
132,Family
132,Action
132,Sci-Fi
132,Drama
133,Action
133,Thriller
133,Drama
134,Action
134,Thriller
134,Drama
135,Drama
135,Comedy
136,Romance
136,Comedy
137,Action
137,Thriller
137,Drama
138,Drama
138,Crime
138,Comedy
139,Drama
140,Biography
140,Drama
141,Adventure
141,Romance
141,Drama
142,Action
142,Thriller
142,Crime
143,Musical
143,Family
143,Romance
143,Drama
144,Musical
144,Family
144,Romance
144,Drama
145,Romance
145,Drama
145,War
146,Thriller
146,Drama
146,Crime
147,Romance
147,Drama
147,Comedy
148,Action
148,Drama
148,Crime
149,Drama
150,Drama
151,Drama
152,Action
152,Fantasy
152,Comedy
153,Thriller
153,Mystery
153,Drama
153,Crime
154,Biography
154,Thriller
154,Drama
155,Action
155,Thriller
155,Drama
156,Action
156,Drama
156,Crime
157,Comedy
157,Musical
157,Music
157,Drama
158,Biography
158,Drama
159,Romance
159,Thriller
159,Drama
160,Drama
160,Comedy
161,Drama
161,Comedy
162,Horror
162,Comedy
163,Romance
163,Drama
163,Comedy
164,Musical
164,Romance
164,Music
164,Drama
165,Musical
165,Romance
165,Music
165,Drama
166,Sport
166,Drama
167,Comedy
167,Musical
167,Romance
167,Drama
168,Romance
168,Drama
168,Crime
169,Action
169,Romance
169,Drama
169,Fantasy
170,Thriller
170,Musical
170,Romance
170,Drama
170,Crime
171,Thriller
171,Mystery
171,Drama
171,Crime
172,Action
172,Sport
172,Drama
173,Sport
173,Biography
173,Drama
174,Romance
174,Drama
174,Comedy
175,Action
175,War
175,Romance
175,History
175,Drama
176,Action
176,Drama
176,History
177,Romance
177,Drama
178,Romance
178,Drama
179,Drama
179,Comedy
180,Action
180,Thriller
181,Romance
181,Drama
181,Musical
182,Action
182,Crime
182,Comedy
183,Action
183,Crime
183,Comedy
184,Comedy
184,Thriller
184,Drama
184,Crime
185,Action
185,Thriller
185,Mystery
186,Romance
186,Drama
187,Romance
187,Drama
187,Musical
188,Action
188,Thriller
188,Drama
189,Action
189,Thriller
189,Mystery
190,Drama
190,Comedy
191,Thriller
191,Action
191,Drama
191,Crime
192,Action
192,Thriller
192,War
193,Comedy
193,Family
193,Action
193,Drama
194,Romance
194,Drama
194,Comedy
195,Romance
195,Musical
196,Comedy
196,Musical
196,Romance
196,Drama
197,Comedy
197,Musical
197,Romance
197,Drama
198,Comedy
198,Musical
198,Romance
198,Drama
199,Comedy
199,Musical
199,Romance
199,Drama
200,Romance
200,Drama
200,Comedy
201,Action
201,Romance
201,Sport
202,Action
202,Romance
202,Sport
203,Thriller
203,Action
203,Mystery
203,Drama
204,Romance
204,Drama
204,Comedy
205,Romance
205,Drama
205,Comedy
206,Romance
206,Drama
206,Comedy
207,Family
207,Drama
207,Comedy
208,Family
208,Drama
208,Comedy
209,Romance
209,Comedy
210,Action
210,Thriller
210,Drama
211,Action
211,Thriller
211,Drama
212,Drama
212,Comedy
213,Romance
213,Drama
214,Romance
214,Drama
214,Musical
215,Romance
215,Drama
215,Musical
216,Thriller
216,Action
216,Drama
216,Crime
217,Comedy
217,Family
217,Romance
217,Drama
218,Comedy
218,Family
218,Romance
218,Drama
219,Drama
220,Romance
220,Drama
221,Comedy
221,Thriller
221,Action
221,Crime
222,Action
222,Romance
222,Drama
222,Crime
223,Action
223,Thriller
223,Drama
224,Comedy
224,Family
224,Action
224,Drama
225,Comedy
225,Thriller
225,Action
225,Drama
225,Crime
226,Romance
226,Drama
226,Comedy
227,Romance
227,Drama
227,Comedy
228,Thriller
228,Musical
228,Action
228,Romance
228,Mystery
229,Thriller
229,Action
229,Drama
229,Crime
230,Drama
231,Action
231,Drama
231,Comedy
232,Thriller
232,Action
232,Drama
232,Crime
233,Musical
233,Family
233,Romance
233,Drama
234,Thriller
234,Drama
234,Crime
235,Comedy
235,Thriller
235,Romance
235,Drama
236,Thriller
236,Action
236,Mystery
236,Drama
237,Thriller
237,Action
237,Mystery
237,Drama
238,Romance
238,Drama
239,Romance
239,Drama
240,Romance
240,Drama
241,Comedy
241,Thriller
241,Mystery
241,Horror
242,Action
242,Thriller
243,Romance
243,Drama
243,Musical
244,Action
245,Sport
245,Drama
245,History
246,Thriller
246,Action
246,Drama
246,Crime
247,Thriller
247,Drama
247,Comedy
248,Romance
248,Drama
248,Musical
249,Thriller
249,Action
249,Drama
249,Crime
250,Adventure
250,Action
250,Sci-Fi
250,Fantasy
251,Action
251,Adventure
251,Sci-Fi
252,Action
252,Adventure
252,Sci-Fi
253,Comedy
253,Adventure
253,Action
253,Fantasy
254,Thriller
254,Action
254,Sci-Fi
254,Drama
255,Romance
255,Drama
256,Horror
256,Thriller
256,Mystery
257,Adventure
257,Action
257,Sci-Fi
257,Horror
257,Fantasy
258,Adventure
258,Drama
259,Action
259,Sci-Fi
259,Comedy
260,Action
260,Sci-Fi
260,Comedy
261,Thriller
261,Drama
261,Sci-Fi
262,Adventure
262,Action
262,Sci-Fi
262,Fantasy
263,Biography
263,Drama
263,Crime
264,Adventure
264,Drama
265,Adventure
265,Sci-Fi
265,Mystery
265,Horror
265,Drama
266,Adventure
266,Action
266,Sci-Fi
266,Fantasy
267,Action
267,Adventure
267,Sci-Fi
268,Horror
268,Thriller
269,Comedy
269,Adventure
269,Action
269,Sci-Fi
270,Adventure
270,Action
270,Sci-Fi
270,Fantasy
271,Horror
271,Thriller
271,Mystery
272,Action
272,Adventure
273,Horror
273,Thriller
274,Action
274,Adventure
274,Sci-Fi
275,Action
275,Adventure
275,Sci-Fi
276,Adventure
276,Family
276,Animation
276,Action
276,Sci-Fi
277,Comedy
277,Adventure
277,Action
277,Sci-Fi
277,Fantasy
278,Thriller
278,Mystery
278,Drama
278,Crime
279,Horror
280,Romance
280,Comedy
281,Romance
281,Comedy
282,Comedy
282,Adventure
282,Musical
282,Family
282,Romance
282,Fantasy
283,Romance
283,Comedy
284,Drama
284,Comedy
285,Comedy
285,Adventure
285,Action
285,Sci-Fi
286,Biography
286,Drama
287,Romance
287,Comedy
288,Horror
288,Thriller
289,Thriller
289,Mystery
289,Biography
289,Drama
290,Comedy
290,Adventure
290,Family
290,Action
290,Sci-Fi
290,Mystery
291,Comedy
291,Music
291,Biography
291,Drama
292,Adventure
292,Thriller
292,Action
292,Sci-Fi
292,Mystery
292,Horror
292,Drama
293,Family
293,Adventure
293,Fantasy
294,Biography
294,Drama
294,Music
295,Action
295,Adventure
295,Thriller
296,Action
296,Adventure
296,Sci-Fi
297,Adventure
297,Musical
297,Family
297,Animation
297,Drama
298,Comedy
298,Adventure
298,Action
298,Sci-Fi
299,Thriller
299,Drama
299,Crime
300,Comedy
300,Music
300,Biography
300,Drama
301,Thriller
301,Drama
301,Crime
302,Thriller
302,Action
302,Mystery
302,Drama
302,Crime
303,Comedy
303,Musical
303,Family
303,Fantasy
304,Romance
304,Musical
304,Comedy
305,Romance
305,Fantasy
305,Comedy
306,Thriller
306,Biography
306,Drama
306,Crime
307,Action
307,Thriller
308,Action
308,Adventure
308,Sci-Fi
309,Action
309,Adventure
309,Sci-Fi
310,Action
310,Adventure
310,Sci-Fi
311,Thriller
311,Drama
311,Crime
312,Action
312,Adventure
312,Sci-Fi
313,Horror
313,Thriller
314,Drama
315,Music
315,Romance
315,Drama
316,Horror
316,Thriller
317,Action
317,Adventure
317,Sci-Fi
318,Action
318,Adventure
318,Sci-Fi
319,Adventure
319,Thriller
319,Action
319,Drama
319,Crime
320,Comedy
320,Adventure
320,Action
320,Sci-Fi
321,Comedy
321,Adventure
321,Family
321,Animation
321,Fantasy
322,Thriller
322,Action
322,Drama
322,Crime
323,Drama
323,Crime
324,Comedy
324,Adventure
324,Action
324,Sci-Fi
325,Family
325,Adventure
325,Fantasy
326,Biography
326,Drama
327,Action
327,Adventure
327,Sci-Fi
328,Comedy
328,Adventure
328,Family
328,Animation
328,Action
328,Fantasy
329,Comedy
329,Adventure
329,Family
329,Animation
329,Action
329,Fantasy
330,Romance
330,Fantasy
330,Comedy
331,Romance
331,Fantasy
331,Comedy
332,Adventure
332,Thriller
332,Action
332,Sci-Fi
332,Fantasy
333,Adventure
333,Thriller
333,Action
333,Sci-Fi
333,Fantasy
334,Drama
335,Drama
335,Fantasy
335,Comedy
336,Thriller
336,Sci-Fi
336,Horror
336,Drama
337,Action
337,Thriller
337,Drama
338,Thriller
338,Action
338,Drama
338,Crime
339,Comedy
340,Adventure
340,Thriller
340,Action
340,Sci-Fi
341,Action
341,Thriller
341,Sci-Fi
342,Drama
342,Comedy
343,Biography
343,Drama
343,Comedy
344,Biography
344,Drama
345,Action
345,Adventure
345,Thriller
346,Drama
346,Crime
347,Comedy
347,Thriller
347,Action
347,Crime
348,Action
348,Adventure
348,Sci-Fi
349,Comedy
349,Sci-Fi
349,Romance
349,Drama
349,Fantasy
350,Adventure
350,Action
350,Sci-Fi
350,Fantasy
351,Action
351,Adventure
351,Sci-Fi
352,Action
352,Adventure
352,Sci-Fi
353,Comedy
353,Adventure
353,Action
353,Fantasy
354,Thriller
354,Action
354,Sci-Fi
354,Drama
355,Romance
355,Drama
356,Horror
356,Thriller
356,Mystery
357,Adventure
357,Action
357,Sci-Fi
357,Horror
357,Fantasy
358,Adventure
358,Drama
359,Action
359,Sci-Fi
359,Comedy
360,Action
360,Sci-Fi
360,Comedy
361,Thriller
361,Drama
361,Sci-Fi
362,Adventure
362,Action
362,Sci-Fi
362,Fantasy
363,Biography
363,Drama
363,Crime
364,Adventure
364,Drama
365,Adventure
365,Sci-Fi
365,Mystery
365,Horror
365,Drama
366,Adventure
366,Action
366,Sci-Fi
366,Fantasy
367,Action
367,Adventure
367,Sci-Fi
368,Horror
368,Thriller
369,Comedy
369,Adventure
369,Action
369,Sci-Fi
370,Adventure
370,Action
370,Sci-Fi
370,Fantasy
371,Horror
371,Thriller
371,Mystery
372,Action
372,Adventure
373,Horror
373,Thriller
374,Action
374,Adventure
374,Sci-Fi
375,Action
375,Adventure
375,Sci-Fi
376,Adventure
376,Family
376,Animation
376,Action
376,Sci-Fi
377,Comedy
377,Adventure
377,Action
377,Sci-Fi
377,Fantasy
378,Thriller
378,Mystery
378,Drama
378,Crime
379,Horror
380,Romance
380,Comedy
381,Romance
381,Comedy
382,Comedy
382,Adventure
382,Musical
382,Family
382,Romance
382,Fantasy
383,Romance
383,Comedy
384,Drama
384,Comedy
385,Comedy
385,Adventure
385,Action
385,Sci-Fi
386,Biography
386,Drama
387,Romance
387,Comedy
388,Horror
388,Thriller
389,Thriller
389,Mystery
389,Biography
389,Drama
390,Comedy
390,Adventure
390,Family
390,Action
390,Sci-Fi
390,Mystery
391,Comedy
391,Music
391,Biography
391,Drama
392,Adventure
392,Thriller
392,Action
392,Sci-Fi
392,Mystery
392,Horror
392,Drama
393,Family
393,Adventure
393,Fantasy
394,Biography
394,Drama
394,Music
395,Action
395,Adventure
395,Thriller
396,Action
396,Adventure
396,Sci-Fi
397,Adventure
397,Musical
397,Family
397,Animation
397,Drama
398,Comedy
398,Adventure
398,Action
398,Sci-Fi
399,Thriller
399,Drama
399,Crime
400,Comedy
400,Music
400,Biography
400,Drama
401,Thriller
401,Drama
401,Crime
402,Thriller
402,Action
402,Mystery
402,Drama
402,Crime
403,Comedy
403,Musical
403,Family
403,Fantasy
404,Romance
404,Musical
404,Comedy
405,Romance
405,Fantasy
405,Comedy
406,Thriller
406,Biography
406,Drama
406,Crime
407,Action
407,Thriller
408,Action
408,Adventure
408,Sci-Fi
409,Action
409,Adventure
409,Sci-Fi
410,Action
410,Adventure
410,Sci-Fi
411,Thriller
411,Drama
411,Crime
412,Action
412,Adventure
412,Sci-Fi
413,Horror
413,Thriller
414,Drama
415,Music
415,Romance
415,Drama
416,Horror
416,Thriller
417,Action
417,Adventure
417,Sci-Fi
418,Action
418,Adventure
418,Sci-Fi
419,Adventure
419,Thriller
419,Action
419,Drama
419,Crime
420,Comedy
420,Adventure
420,Action
420,Sci-Fi
421,Comedy
421,Adventure
421,Family
421,Animation
421,Fantasy
422,Thriller
422,Action
422,Drama
422,Crime
423,Drama
423,Crime
424,Comedy
424,Adventure
424,Action
424,Sci-Fi
425,Family
425,Adventure
425,Fantasy
426,Biography
426,Drama
427,Action
427,Adventure
427,Sci-Fi
428,Comedy
428,Adventure
428,Family
428,Animation
428,Action
428,Fantasy
429,Comedy
429,Adventure
429,Family
429,Animation
429,Action
429,Fantasy
430,Romance
430,Fantasy
430,Comedy
431,Romance
431,Fantasy
431,Comedy
432,Adventure
432,Thriller
432,Action
432,Sci-Fi
432,Fantasy
433,Adventure
433,Thriller
433,Action
433,Sci-Fi
433,Fantasy
434,Drama
435,Drama
435,Fantasy
435,Comedy
436,Thriller
436,Sci-Fi
436,Horror
436,Drama
437,Action
437,Thriller
437,Drama
438,Thriller
438,Action
438,Drama
438,Crime
439,Comedy
440,Adventure
440,Thriller
440,Action
440,Sci-Fi
441,Action
441,Thriller
441,Sci-Fi
442,Drama
442,Comedy
443,Biography
443,Drama
443,Comedy
444,Biography
444,Drama
445,Action
445,Adventure
445,Thriller
446,Drama
446,Crime
447,Comedy
447,Thriller
447,Action
447,Crime
448,Action
448,Adventure
448,Sci-Fi
449,Comedy
449,Sci-Fi
449,Romance
449,Drama
449,Fantasy
450,Drama
451,Drama
451,Crime
452,Drama
452,Crime
453,Thriller
453,Action
453,Drama
453,Crime
454,Drama
455,Biography
455,Drama
455,History
456,Adventure
456,Action
456,Sci-Fi
456,Fantasy
457,Adventure
457,Drama
457,Fantasy
458,Drama
458,Crime
459,Western
460,Drama
461,Adventure
461,Drama
461,Fantasy
462,Romance
462,Drama
463,Adventure
463,Action
463,Sci-Fi
463,Fantasy
464,Adventure
464,Thriller
464,Action
464,Sci-Fi
465,Adventure
465,Drama
465,Fantasy
466,Drama
467,Biography
467,Drama
467,Crime
468,Action
468,Sci-Fi
469,Adventure
469,Drama
470,Thriller
470,Mystery
470,Drama
470,Crime
471,Drama
471,Crime
472,Adventure
472,Action
472,Sci-Fi
472,Fantasy
473,Thriller
473,Drama
473,Crime
474,Family
474,Drama
474,Fantasy
475,Comedy
475,War
475,Romance
475,Drama
476,Adventure
476,Family
476,Animation
476,Mystery
476,Fantasy
477,Drama
477,War
478,Thriller
478,Mystery
478,Crime
479,Thriller
479,Action
479,Drama
479,Crime
480,Mystery
480,Drama
480,Fantasy
480,Crime
481,Adventure
481,Drama
481,Sci-Fi
482,Horror
482,Thriller
482,Mystery
483,Drama
484,Romance
484,Drama
484,Comedy
485,Romance
485,Drama
485,War
486,Western
487,Music
487,War
487,Biography
487,Drama
488,Comedy
488,Family
488,Romance
488,Drama
489,Biography
489,Drama
489,Comedy
490,Thriller
490,Drama
490,Crime
491,Adventure
491,Sci-Fi
491,Comedy
492,Action
492,Sci-Fi
493,Music
493,Drama
494,Adventure
494,Musical
494,Family
494,Animation
494,Drama
495,Thriller
495,Mystery
496,Action
496,Adventure
497,Action
497,Adventure
497,Drama
498,Thriller
498,Sci-Fi
498,Mystery
498,Drama
499,Drama
499,War
500,Thriller
500,Mystery
501,Horror
501,Sci-Fi
502,Adventure
502,Family
502,Animation
502,Action
502,Sci-Fi
503,Animation
503,Drama
503,War
504,Drama
505,Drama
505,War
505,Comedy
506,Drama
506,Film-Noir
507,Thriller
507,Drama
508,Comedy
509,Action
509,Adventure
509,Sci-Fi
510,Drama
510,War
511,Drama
511,Western
512,Horror
512,Drama
513,Adventure
513,Family
513,Animation
513,Sci-Fi
514,Animation
514,Adventure
514,Fantasy
515,Thriller
515,Mystery
515,Drama
515,Crime
516,Thriller
516,Action
516,Mystery
516,Drama
517,Adventure
517,Thriller
517,Action
517,Sci-Fi
518,Action
518,Thriller
519,Drama
520,Drama
520,Crime
521,Comedy
521,Adventure
521,Family
521,Animation
521,Mystery
521,Music
521,Fantasy
522,Adventure
522,Thriller
522,War
522,Drama
523,Drama
523,Mystery
524,War
524,History
524,Biography
524,Drama
525,Romance
525,Thriller
525,Mystery
526,Adventure
526,Thriller
526,Mystery
527,Thriller
527,Drama
527,Crime
528,Animation
528,Romance
528,Drama
528,Fantasy
529,Adventure
529,Action
529,Sci-Fi
529,Fantasy
530,Thriller
530,Mystery
530,Crime
531,Music
531,History
531,Biography
531,Drama
532,Drama
533,Action
533,Sport
533,Biography
533,Drama
534,Drama
534,Comedy
535,Adventure
535,Sci-Fi
536,Family
536,Drama
537,Comedy
537,Adventure
537,Family
537,Animation
537,Fantasy
538,Romance
538,Drama
538,Sci-Fi
539,Adventure
539,War
539,History
539,Biography
539,Drama
540,Drama
540,Sci-Fi
540,Crime
541,Romance
541,Musical
541,Comedy
542,Romance
542,Comedy
543,Thriller
543,Film-Noir
543,Mystery
543,Drama
543,Crime
544,Drama
544,Crime
545,Adventure
545,Drama
545,War
546,Drama
546,War
547,Drama
548,Drama
548,Crime
549,Family
549,Drama
549,Comedy
550,Romance
550,Drama
551,Drama
551,Crime
551,Comedy
552,Drama
553,Comedy
553,Adventure
553,Family
553,Animation
553,Fantasy
554,Crime
554,Comedy
555,Drama
555,Crime
556,Western
557,Romance
557,Drama
557,Comedy
558,Drama
558,Sci-Fi
559,Adventure
559,Fantasy
559,Comedy
560,Thriller
560,Mystery
560,Drama
560,Crime
561,Thriller
561,Drama
562,Action
562,Adventure
563,Drama
563,Mystery
563,Crime
564,Comedy
564,Adventure
564,Family
564,Animation
565,Drama
566,Action
566,Adventure
567,Romance
567,Comedy
568,Action
568,Thriller
568,Drama
569,War
569,History
569,Biography
569,Drama
570,Drama
570,Western
571,Action
571,Thriller
572,Thriller
572,Drama
572,Crime
573,Adventure
573,Drama
573,Western
574,War
574,Drama
574,Mystery
575,Comedy
575,Music
575,Biography
575,Drama
576,Drama
577,Sport
577,Biography
577,Drama
578,Adventure
578,Thriller
578,War
578,History
578,Drama
579,Family
579,Drama
580,War
580,Drama
580,Fantasy
581,Thriller
581,Drama
581,Mystery
582,Family
582,Animation
582,Fantasy
583,Family
583,Drama
584,Thriller
584,Film-Noir
584,Mystery
585,Adventure
585,Family
585,Animation
585,Fantasy
586,Action
586,Drama
587,Drama
587,War
588,Thriller
588,Romance
588,Mystery
588,Drama
589,Comedy
589,Adventure
589,Family
589,Drama
590,Adventure
590,Drama
590,War
591,Biography
591,Drama
592,Crime
592,Comedy
593,Drama
593,Crime
594,Drama
594,Fantasy
595,Thriller
595,Drama
595,Crime
596,Drama
596,Crime
597,Biography
597,Drama
597,Crime
598,Biography
598,Drama
599,Comedy
599,Adventure
599,Family
599,Animation
599,Drama
599,Fantasy
600,Thriller
600,Action
600,Sci-Fi
600,Drama
601,Drama
601,Comedy
602,Thriller
602,Drama
603,Sport
603,Drama
604,Thriller
604,Sci-Fi
605,Thriller
605,Crime
606,Thriller
606,Drama
606,Crime
607,Thriller
607,Crime
608,Drama
609,Romance
609,Drama
610,Comedy
610,Adventure
610,Action
610,War
610,Western
610,Drama
611,Thriller
611,Drama
611,Mystery
612,Drama
613,War
613,Romance
613,History
613,Drama
614,Horror
614,Sci-Fi
614,Mystery
615,Thriller
615,Drama
615,Crime
616,Drama
616,War
617,Drama
618,Comedy
618,Adventure
618,Family
618,Animation
619,Drama
619,War
620,Thriller
620,Mystery
621,Crime
621,Comedy
622,Action
622,Thriller
622,Crime
623,Action
623,Romance
623,Comedy
624,Drama
624,Crime
625,Drama
626,Animation
626,Drama
626,Comedy
627,Thriller
627,Romance
627,Mystery
627,Drama
628,War
628,History
628,Biography
628,Drama
629,Adventure
629,Family
629,Animation
629,Action
629,Fantasy
630,Adventure
630,Thriller
630,Sci-Fi
631,Thriller
631,Drama
631,Mystery
632,Thriller
632,Drama
632,Comedy
633,Romance
633,Drama
634,Drama
634,Sci-Fi
634,Comedy
635,Drama
635,Sci-Fi
636,Comedy
636,Adventure
636,Drama
636,Crime
637,Biography
637,Drama
638,Adventure
638,Drama
639,Adventure
639,Biography
639,Drama
640,Romance
640,Comedy
641,Drama
641,War
642,Drama
643,Comedy
644,Thriller
644,Action
644,Mystery
644,Drama
644,Crime
645,Adventure
645,Drama
645,History
646,Thriller
646,Drama
647,Animation
647,Action
647,Sci-Fi
647,Drama
647,Fantasy
648,Biography
648,Drama
648,History
649,War
649,History
649,Biography
649,Drama
650,Sport
650,Drama
651,Romance
651,Drama
652,Thriller
652,Drama
652,Crime
653,Thriller
653,Mystery
653,Drama
653,Crime
654,Adventure
654,Thriller
654,Drama
655,Adventure
655,Thriller
655,Action
655,Sci-Fi
656,Action
656,Sport
656,Biography
656,Drama
657,Family
657,Drama
658,Biography
658,Drama
658,History
659,Drama
659,Crime
660,Thriller
660,Action
660,Sci-Fi
660,Drama
661,Drama
661,Crime
662,Biography
662,Drama
662,History
663,Biography
663,Drama
663,Crime
664,Thriller
664,Drama
665,Adventure
665,Mystery
665,Drama
665,Fantasy
666,Adventure
666,Animation
666,Sci-Fi
666,Fantasy
667,Adventure
667,Family
667,Romance
667,Fantasy
668,Sport
668,Drama
669,Western
669,Biography
669,Drama
669,Crime
670,Adventure
670,War
670,History
670,Drama
671,Drama
671,Comedy
672,Comedy
672,Adventure
672,Family
672,Animation
672,Fantasy
673,Drama
673,History
674,Drama
674,Comedy
675,Romance
675,Drama
675,History
676,Film-Noir
676,Mystery
677,Action
677,Sci-Fi
678,Biography
678,Drama
678,History
679,Thriller
679,Drama
679,Sci-Fi
680,Romance
680,Thriller
680,Drama
681,Drama
681,Crime
682,Romance
682,Drama
683,Thriller
683,Mystery
683,Horror
683,Drama
683,Crime
684,Romance
684,Fantasy
684,Comedy
685,Adventure
685,Musical
685,Family
685,Fantasy
686,Drama
687,Adventure
687,Thriller
687,Drama
688,Romance
688,Drama
689,Comedy
689,Adventure
689,Action
689,Sci-Fi
690,Drama
691,Drama
692,Adventure
692,Animation
692,Sci-Fi
692,Drama
692,Fantasy
693,Action
693,Adventure
693,Fantasy
694,Romance
694,Drama
694,War
695,Musical
695,Family
695,Animation
695,Romance
695,Fantasy
696,Horror
697,Romance
697,Drama
697,Mystery
698,Thriller
698,Biography
698,Drama
698,Crime
699,Comedy
699,Thriller
699,Action
699,Drama
699,Crime
